<?xml version="1.0" encoding="utf-8"?>
<ArcGIS defaultAssembly="ArcGIS.Desktop.Core.dll" 
        defaultNamespace="ArcGIS.Desktop.Core" 
        xmlns="http://schemas.esri.com/DADF/Registry" 
        xmlns:xsi="http://www.w3.org/2001/XMLSchema-instance" 
        xsi:schemaLocation="http://schemas.esri.com/DADF/Registry \ArcGIS\ArcGISDesktop\UIFramework\ArcGIS.Desktop.Framework.xsd">

  <accelerators>
    <insertAccelerator refID="esri_core_openProjectButton" flags="Ctrl" key="O" />
    <insertAccelerator refID="esri_core_newProjectButton" flags="Ctrl" key="N" />
    <insertAccelerator refID="esri_core_saveProjectButton" flags="Ctrl" key="S" />
    <insertAccelerator refID="esri_core_editCopyButton" flags="Ctrl" key="C" />
    <insertAccelerator refID="esri_core_editPasteButton" flags="Ctrl" key="V" />
    <insertAccelerator refID="esri_core_editDeleteButton" flags="Ctrl" key="D" />
    <insertAccelerator refID="esri_core_editPasteSpecialButton" flags="Ctrl+Alt" key="V" />
    <insertAccelerator refID="esri_core_editCutButton" flags="Ctrl" key="X" />
    <insertAccelerator refID="esri_core_redoButton" flags="Ctrl" key="Y" />
    <insertAccelerator refID="esri_core_undoButton" flags="Ctrl" key="Z" />
    <insertAccelerator refID="esri_datasourcesraster_stereoModelSelectorButton" flags="Ctrl+Shift" key="S" />
    <insertAccelerator refID="esri_editing_ShowCreateFeaturesBtn" flags="Ctrl+Shift" key="C" />
    <insertAccelerator refID="esri_editing_ShowEditFeaturesBtn" flags="Ctrl+Shift" key="M" />
    <insertAccelerator refID="esri_mapping_selectContext" flags="Ctrl+Alt" key="S" />
    <insertAccelerator refID="esri_mapping_exploreContext" flags="Ctrl+Alt" key="C" />
    <insertAccelerator refID="esri_core_CommandSearchControl" flags="Alt" key="Q" />
    <insertAccelerator refID="esri_core_groupContext" flags="Ctrl" key="G" />
    <insertAccelerator refID="esri_core_ungroupContext" flags="Ctrl+Shift" key="G" />
    <insertAccelerator refID="esri_core_exportContext" flags="Ctrl" key="E" />
    <insertAccelerator refID="esri_core_printContext" flags="Ctrl" key="P" />
  </accelerators>
  
  <DockPaneSets>
    
    <!--DockPane Reset for Mapping (Default)-->
    <insertDockPaneSet id="esri_DockPaneReset_Mapping" caption="Reset Panes for Mapping (Default)">
      <DockPaneID refID="esri_core_projectDockPane"/>
	    <DockPaneID refID="esri_core_contentsDockPane"/>
    </insertDockPaneSet>
	
   <!--DockPane Reset for Editing-->
   <insertDockPaneSet id="esri_DockPaneReset_Editing" caption="Reset Panes for Editing">
     <DockPaneID refID="esri_core_projectDockPane"/>
     <DockPaneID refID="esri_core_contentsDockPane"/>
     <DockPaneID refID="esri_editing_AttributesDockPane"/>
     <DockPaneID refID="esri_editing_EditFeaturesDockPane"/>
     <DockPaneID refID="esri_editing_CreateFeaturesDockPane"/>
    </insertDockPaneSet>
    
    <!--DockPane Reset for Geoprocessing-->
    <insertDockPaneSet id="esri_DockPaneReset_Geoprocessing" caption="Reset Panes for Geoprocessing" >
       <DockPaneID refID="esri_core_contentsDockPane"/>
       <DockPaneID refID="esri_core_projectDockPane"/>
       <DockPaneID refID="esri_geoprocessing_toolBoxes"/>
    </insertDockPaneSet>  
  </DockPaneSets>

  <products>
    <insertProduct id="esri_product_streetmapPremiumnNorthAmerica" caption="StreetMap Premium North America" description="Provides high-quality street data for display, geocoding, and routing" code="72"/>
    <insertProduct id="esri_product_streetmapPremiumnEurope" caption="StreetMap Premium Europe" description="Provides high-quality street data for display, geocoding, and routing" code="73"/>
    <insertProduct id="esri_product_streetmapPremiumnLatinAmerica" caption="StreetMap Premium Latin America" description="Provides high-quality street data for display, geocoding, and routing" code="74"/>
    <insertProduct id="esri_product_streetmapPremiumnAsiaPacific" caption="StreetMap Premium Asia Pacific" description="Provides high-quality street data for display, geocoding, and routing" code="75"/>
    <insertProduct id="esri_product_streetmapPremiumnMiddleEastAfrica" caption="StreetMap Premium Middle East and Africa" description="Provides high-quality street data for display, geocoding, and routing" code="76"/>
    <insertProduct id="esri_product_streetmapPremiumJapan" caption="StreetMap Premium Japan" description="Provides high-quality street data for display, geocoding, and routing" code="77"/>
    <insertProduct id="esri_product_publisher" caption="Publisher" description="Enables the sharing of content throughout the ArcGIS platform." code="15"/>
    <insertProduct id="esri_product_aviationCharting" caption="Aviation Charting" description="Provides tools and workflows for working with aeronautical data and charting." code="53"/>
    <insertProduct id="esri_product_aviationAirports" caption="Aviation Airports" description="Provides tools for airport planning, maintenance and analysis." code="70"/>
    <insertProduct id="esri_product_maritimeCharting" caption="Maritime" description="Provides tools and workflows for working with nautical data and charting." code="50"/>
    <insertProduct id="esri_product_maritimeBathymetry" caption="Bathymetry" description="Provides tools and workflows for working with bathymetric data." code="69"/>
    <insertProduct id="esri_product_businessanalyst" caption="Business Analyst" description="Provides advanced analysis tools and an extensive library of data from industry leading data providers to help you make better business decisions." code="33"/>
    <insertProduct id="esri_product_imageanalyst" caption="Image Analyst" description="Delivers an integrated image interpretation and analysis workstation which provides powerful image visualization, exploitation, and feature extraction tools." code="86"/>
    <insertProduct id="esri_product_locatext" caption="LocateXT" description="Discover and extract geocoordinates, place names, and other critical information from unstructured text and place them instantly on a map." code="87"/>
  </products>

  <categories>
    <insertCategory id="esri_core_projectContainers">
      <component id="esri_displayunits_projectContainer" className="ArcGIS.Desktop.Internal.Core.DisplayUnitEnvironmentItemContainer">
        <content type="DisplayUnitEnvironment" displayName="DisplayUnitEnvironment"/>
      </component>
    </insertCategory>
    <insertCategory id="esri_item" />
    <insertCategory id="esri_cef_customSchemes"/>
    <insertCategory id="esri_itemInfoType" />
    <insertCategory id="esri_browseFilters" />
    <insertCategory id="esri_browseDialogFilters" /> <!--this is now obsolete, replaced by esri_browseFilters-->
    <insertCategory id="esri_browsePlaces" />
    <insertCategory id="esri_embeddableControls" />
    <insertCategory id="esri_tasks_embeddableControls" />
    <insertCategory id="esri_core_dataTemplates" />
    <insertCategory id="esri_core_multiSelectRecognizer" />
    <insertCategory id="esri_core_itemCategories" />
    <insertCategory id="esri_core_projectViewProviders" />
    <insertCategory id="esri_project_historyControls" />
    <insertCategory id="esri_sharingCategory" />
    <insertCategory id="esri_customizedCommandsCategory" />
    <insertCategory id="esri_commandSearchCategory" />
    <insertCategory id="esri_customItems" />
    <insertCategory id="portalTypesFilter">
      <component id="portal">
        <content>
          <portalGroup displayName="Maps" type="maps">
            <portalSubGroup displayName="Web Maps" type="webmaps"/>
            <portalSubGroup displayName="Map Files" type="mapfiles"/>
          </portalGroup>
          <portalGroup displayName="Layers" type="layers">
            <portalSubGroup displayName="Feature Layers" type="featurelayers"/>
            <portalSubGroup displayName="Tile Layers" type="tilelayers"/>
            <portalSubGroup displayName="Map Image Layers" type="mapimagelayers"/>
            <portalSubGroup displayName="Imagery Layers" type="imagerylayers"/>
            <portalSubGroup displayName="Tiled Imagery Layers" type="tiledimagerylayers"/>
            <portalSubGroup displayName="Scene Layers" type="scenelayers"/>
            <portalSubGroup displayName="Tables" type="tables"/>
            <portalSubGroup displayName="Layer Files" type="layerfiles"/>
          </portalGroup>
          <portalGroup displayName="Scenes" type="scenes"/>
          <portalGroup displayName="Tools" type="tools">
            <portalSubGroup displayName="Locators" type="locators"/>
            <portalSubGroup displayName="Geoprocessing Tasks" type="geoprocessingtasks"/>
            <portalSubGroup displayName="Network Analysis" type="networkanalysis"/>
          </portalGroup>
          <portalGroup displayName="Notebooks" type="notebooks"/>
        </content>
      </component>
    </insertCategory>

    <insertCategory id="portalSharingFilter">
      <component id="portalSharing">
        <content>
          <portalGroup displayName="Owner" type="owner">
            <portalSubGroup displayName="Shared with groups" type="sharedgroups"/>
            <portalSubGroup displayName="Not shared with groups" type="notsharedgroups"/>
          </portalGroup>
          <portalGroup displayName="Organization" type="organization"/>
          <portalGroup displayName="Everyone (public)" type="public"/>
        </content>
      </component>
    </insertCategory>

    <insertCategory id="portalStatusFilter">
      <component id="portalStatus">
        <content>
          <portalGroup displayName="Authoritative" type="authoritative"/>
          <portalGroup displayName="Deprecated" type="deprecated"/>
        </content>
      </component>
    </insertCategory>
    
    <!-- browse places -->
    <updateCategory refID="esri_browsePlaces">
      <insertComponent id="project_gebrowse_place_project" className="BrowseProjectViewModelProvider">
        <content includeByDefault="True" contextMenuID="esri_projectDefaultContextMenu"/>
      </insertComponent>
    </updateCategory>
  </categories>

  <ribbonToolbar>
    <control refID="esri_core_CommandSearchControl" size="middle"/>
    <control refID="esri_core_signOnControl" size="middle"/>
    <control refID="esri_core_notificationControl" size="small"/>
    <!--<control refID="esri_core_notificationButton" size="small"/>-->
  </ribbonToolbar>
  
  <quickAccessToolbar>
    <control refID="esri_core_newProjectButton" size="small"/>
    <control refID="esri_core_openProjectButton" size="small"/>
    <control refID="esri_core_saveProjectButton" size="small"/>
    <control refID="esri_core_undoSplitButton" size="small"/>
    <control refID="esri_core_redoSplitButton" size="small"/>
    <control refID="esri_dockPaneSetDynamicMenu" size ="small" isChecked="false"/>
    <control refID="esri_mapping_exploreTool" size ="small" isChecked="false"/>
    <control refID="esri_mapping_rectangleZoom" size ="small" isChecked="false"/>
    <control refID="esri_mapping_showLocateDockPane" size ="small" isChecked="false"/>
    <!--<control refID="esri_core_notificationButton" size="small"/>-->
  </quickAccessToolbar>

  <modules>
    <insertModule id="esri_core_module" className="CoreModule" caption="Project Module" description="Project Module" autoLoad="true">

      <panes>
        <pane id="esri_core_startPage" caption="Start Page" className="StartPageViewModel" smallImage="pack://application:,,,/ArcGIS.Desktop.Resources;component/Images/StartPage16.png" isClosable="true">
          <content className="StartPage" />
        </pane>
        <!--<pane id="esri_core_resourcesPane" caption="Project" className="ProjectViewViewModel" smallImage="pack://application:,,,/ArcGIS.Desktop.Resources;component/Images/ArcGISProject16.png" isClosable="true" defaultTab="esri_core_homeTab" isDropTarget="false">
          <content className="ProjectViewView" />
        </pane>-->
        <pane id="esri_core_resourcesPane" caption="Catalog" className="ProjectPaneVM" smallImage="pack://application:,,,/ArcGIS.Desktop.Resources;component/Images/ArcGISProject16.png" isClosable="true" defaultTab="esri_core_homeTab" isDropTarget="false">
          <content className="ProjectPane" />
        </pane>
      </panes>

      <dockPanes>
        <dockPane id="esri_core_projectDockPane" caption="Catalog" className="ProjectDockPaneVM" dock="right" width="320">
          <content className="ProjectDockPane" />
        </dockPane>
        <!--<dockPane id="esri_core_projectDockPane" caption="Project" className="ProjectDockPaneViewModel" dock="right"  keytip="prj">
          <content className="ProjectDockPaneView" />
        </dockPane>-->
        <dockPane id="esri_core_contentsDockPane" caption="Contents" className="ContentsDockPaneViewModel" dock="left" width="320" keytip="toc" delayLoadMessage="Open a map or layout view">
          <content className="ContentsDockPane" />
        </dockPane>
        <dockPane id="esri_core_notificationDockPane" caption="Notifications" className="ArcGIS.Desktop.Framework.NotificationDockPaneViewModel"
            assembly="ArcGIS.Desktop.Framework.dll"  dock="right"  keytip="">
          <content className="ArcGIS.Desktop.Framework.NotificationDockPane" assembly="ArcGIS.Desktop.Framework.dll" />
        </dockPane>
        <dockPane id="esri_core_projectHistoryDockPane" caption="History" className="ProjectHistoryDockPaneViewModel"
                  dock="group" dockWith="esri_core_projectDockPane">
          <content className="ProjectHistoryDockPane" />
        </dockPane>
      </dockPanes>

      <tabs>
        <tab id="esri_core_homeTab" caption="Catalog" condition="esri_core_resourcesPane" keytip="C">
          <group refID="esri_core_clipboardGroup" />
          <group refID="esri_core_organize" />
          <group refID="esri_core_create" />
          <group refID="esri_core_update" />
          <group refID="esri_metadata_metadataViewGroup" />
        </tab>
        <tab id="esri_core_insertTab" caption="Insert"  keytip="N">
          <group refID="esri_core_projectData"/>
          <group refID="esri_project_styles"/>
          <group refID="esri_core_favoritesData"/>
        </tab>
        <tab id="esri_core_analysisTab" caption="Analysis"  keytip="A">
          <group refID="esri_geoprocessing_analysisTools" />
          <group refID="esri_geoprocessing_ToolsGallery" />
          <group refID="esri_geoprocessing_portal" />
          <group refID="esri_geoprocessing_analysis2" />
          <group refID="esri_datasourcesraster_rasterLayerTemplateGroup"/>
          <group refID="esri_geoprocessing_datainterop_group"/>
        </tab>
        <tab id="esri_core_viewTab" caption="View"  keytip="V">
          <group refID="esri_core_dockWindows" />
          <group refID="esri_core_projectViewOptionsGroup" />
          <group refID="esri_mapping_syncViewGroup" placeWith="esri_core_dockWindows" insert="before" />
          <group refID="esri_mapping_viewGroup" placeWith="esri_mapping_syncViewGroup" insert="before" />
          <!--<group refID="esri_layouts_thumbnailGroup" insert="after" />-->
          <group refID="esri_mapping_animation" insert="after"/>
          <group refID="esri_mapping_sceneGroup" insert="after"/>
          <group refID="esri_mapping_viewClippingGroup" insert="after"/>
          <!--<group refID="esri_mapping_overprint" insert="after"/>-->
          <group refID="esri_mapping_profileViewGroup" insert="after"/>
          <group refID="esri_mapping_navigation" insert="after"/>
          <group refID="esri_layouts_thumbnailGroup"/>
          
        </tab>
        <tab id="esri_core_previewTab" caption="Preview" condition="esri_core_previewActiveCondition" tabGroupID="esri_core_previewTabGroup" keytip="P" insert="after">
          <group refID="esri_core_previewNavigateGroup" />
          <group refID="esri_core_previewPreviewGroup" />
        </tab>
      </tabs>

      <tabGroups>
        <tabGroup caption="Catalog View" id="esri_core_previewTabGroup">
          <color A="255" R="238" G="170" B="90" />
          <borderColor A="0" R="251" G="226" B="195" />
        </tabGroup>
      </tabGroups>

      <groups>
        <group id="esri_core_projectData" caption="Project" sizePriorities="25,125,225" smallImage="pack://application:,,,/ArcGIS.Desktop.Resources;component/Images/ArcGISProject16.png">
          <insertButton refID="esri_mapping_newMapPalette" size="large" />
          <insertGallery refID="esri_layouts_gallery" size="large" />
          
          <insertButton refID="esri_reports_newReportSplitButton" size="middle" />
          <insertSplitButton refID="esri_geodatabase_AddNewOrExistingNotebookSplitButton" size="middle"/>
          <insertButtonPalette refID="esri_geoprocessing_insertMenu" size="middle"/>
          
          <insertButton refID="esri_layouts_importMap" size="middle" />
          <insertGallery refID="esri_layouts_templateGallery" size="middle" />
          <insertButtonPalette refID="esri_task_insertMenu" size="middle"/>
          
          <insertMenu refID="esri_geodatabase_insertMenu" size="large"/>
          <insertButton refID="esri_geodatabase_addFolderConnectionButton" size="large"/>       
        </group>

        <group id="esri_core_favoritesData" caption="Favorites" sizePriorities="25,125,225" smallImage="pack://application:,,,/ArcGIS.Desktop.Resources;component/Images/FavoriteStar16.png">

        </group>

        <group id="esri_core_projectViewOptionsGroup" caption="Options" smallImage="pack://application:,,,/ArcGIS.Desktop.Resources;component/Images/GenericOptions16.png" condition="esri_core_projectItem_resourcesPane">
          <buttonPalette refID="esri_core_popupTooltipPalette" size="large" />
          <button refID="esri_core_projectViewLayoutCheckBoxOpen" size="middle" />
          <buttonPalette refID="esri_core_projectViewDisplayType" size="middle" />
        </group>

        <group id="esri_core_clipboardGroup" caption="Clipboard" smallImage="pack://application:,,,/ArcGIS.Desktop.Resources;component/Images/EditPaste16.png">
          <buttonPalette refID="esri_core_editPasteSplitButton" size="large"  />
          <subgroup refID="esri_core_editBtns"/>
        </group>

        <group id="esri_core_organize" caption="Organize" smallImage="pack://application:,,,/ArcGIS.Desktop.Resources;component/Images/EditPaste16.png">
          <button refID="esri_core_openButton" size="large" />
          <subgroup refID="esri_core_organizeItems1"/>
          <subgroup refID="esri_core_organizeItems2"/>
          <subgroup refID="esri_core_organizeItems3"/>
        </group>

        <group id="esri_core_update" caption="Update" smallImage="pack://application:,,,/ArcGIS.Desktop.Resources;component/Images/EditPaste16.png">
        </group>

        <group id="esri_core_create" caption="Create" smallImage="pack://application:,,,/ArcGIS.Desktop.Resources;component/Images/EditPaste16.png">
          <dynamicMenu refID="esri_core_newItemsDynamicMenu"/>
          <dynamicMenu refID="esri_core_addItemsDynamicMenu"/>
          <dynamicMenu refID="esri_core_importItemsDynamicMenu"/>
          <!--<subgroup refID="esri_core_newItems"/>-->
        </group>

        <group id="esri_core_dockWindows" caption="Windows" smallImage="pack://application:,,,/ArcGIS.Desktop.Resources;component/Images/ArcGISProjectWindow16.png" >
          <dynamicMenu refID="esri_dockPaneSetDynamicMenu" size ="large"/>
          <button refID="esri_core_showProjectDockPane" size="large"/>
          <tool refID="esri_core_showProjectView" size="large" />
        </group>

        <group id="esri_core_previewNavigateGroup" caption="Navigate">
          <button refID="esri_core_previewZoomFullButton" size="small" />
          <button refID="esri_core_previewFixedZoomInButton" size="small" />
          <button refID="esri_core_previewPrevExtentButton" size="small" />
          <button refID="esri_core_previewZoomToSelectionButton" size="small" />
          <button refID="esri_core_previewFixedZoomOutButton" size="small" />
          <button refID="esri_core_previewNextExtentButton" size="small" />
        </group>

        <group id="esri_core_previewPreviewGroup" caption="Preview">
          <button refID="esri_core_previewShowBasemap" size="middle" />
          <button refID="esri_core_previewCaptureThumbnail" size="middle" />
        </group>
      </groups>

      <palettes>
        <buttonPalette id="esri_core_popupTooltipPalette" caption="Item Pop-ups" keytip="SC" itemsInRow="1" showItemCaption="true" bindChecked="false">
          <tooltip heading="Display Type">Choose how popups are displayed.</tooltip>
          <button refID="esri_core_HideItemTooltips"/>
          <button refID="esri_core_ShowItemTooltips"/>
          <button refID="esri_core_ShowDetailedItemTooltips"/>
        </buttonPalette>
        
        <buttonPalette id="esri_core_projectViewDisplayType" caption="Display Type" temsInRow="1" showItemCaption="true" keytip="DT">
          <button refID="esri_core_projectDetailsView"/>
          <button refID="esri_core_projectTilesView"/>
        </buttonPalette>
      
    </palettes>

      <controls>
        <button id="esri_itemInfoRefreshButton" className="RefreshCmd" loadOnClick="false"
          caption="Refresh" extendedCaption="Refresh the selected container in the Project pane; on context menu"
          smallImage="pack://application:,,,/ArcGIS.Desktop.Resources;component/Images/GenericRefresh16.png" helpContextID="">
          <tooltip heading="">Update the contents list to include any items that were recently added to this location.</tooltip>
        </button>

        <!-- show project dock pane -->
        <button id="esri_core_showProjectDockPane" className="esri_core_module:ShowProjectDockPane"
                caption="Catalog Pane" extendedCaption="Show the Catalog pane; on ribbon"
                condition="esri_mapping_openProjectCondition" keytip="CP"
                largeImage="pack://application:,,,/ArcGIS.Desktop.Resources;component/Images/ArcGISProjectWindow32.png"
                smallImage="pack://application:,,,/ArcGIS.Desktop.Resources;component/Images/ArcGISProjectWindow16.png">
          <tooltip heading="Catalog">
            Show the Catalog pane. You can access items in and available to the project, whether they are available on a local or network computer, or from a database, a server, ArcGIS Online, or your organization's portal.

With the Catalog pane you can drag and drop items onto a map, a model, or a tool parameter. Access geoprocessing and raster function history, and add your favorite items to the project.<disabledText></disabledText>
          </tooltip>
        </button>
        <!-- show project view -->
        <button id="esri_core_showProjectView" className="esri_core_module:ShowProjectView"
                caption="Catalog View" extendedCaption="Show the Catalog view; on ribbon"
                condition="esri_mapping_openProjectCondition" keytip="CV"
                largeImage="pack://application:,,,/ArcGIS.Desktop.Resources;component/Images/ArcGISProject32.png"
                smallImage="pack://application:,,,/ArcGIS.Desktop.Resources;component/Images/ArcGISProject16.png">
          <tooltip heading="">
            Open a view that provides access to items in and available to the project. All items and actions that are available in the Catalog pane are also available in the Catalog view. You can also access detailed information about available items.

With the Catalog view you can sort items, preview spatial data, edit an item’s metadata, manage styles and other items, and add your favorite items to the project.<disabledText></disabledText>
          </tooltip>
        </button>

        <button id="esri_core_projectDetailsView"
                className="ArcGIS.Desktop.Internal.Core.CatalogViewDetails"
                condition="esri_core_resourcesPane"
                smallImage="pack://application:,,,/ArcGIS.Desktop.Resources;component/Images/ModelBuilderAddList16.png"
                largeImage="pack://application:,,,/ArcGIS.Desktop.Resources;component/Images/ModelBuilderAddList32.png"
                caption="Columns" extendedCaption="Display Type Columns" keytip="C" loadOnClick="true">
          <tooltip heading="Columns">
            Display information for each item in columns.
          </tooltip>
        </button>

        <button id="esri_core_projectTilesView"
                className="ArcGIS.Desktop.Internal.Core.CatalogViewTiles"
                condition="esri_core_resourcesPane"
                smallImage="pack://application:,,,/ArcGIS.Desktop.Resources;component/Images/ViewGallery16.png"
                largeImage="pack://application:,,,/ArcGIS.Desktop.Resources;component/Images/ViewGallery32.png"
                caption="Tiles" extendedCaption="Display Type Tiles" keytip="T" loadOnClick="true">
          <tooltip heading="Tiles">
            Display a thumbnail and other information on tiles.
          </tooltip>
        </button>

        <!-- Backstage -->
        <button id="esri_core_showOptionsSheetButton" className="esri_core_module:ArcGIS.Desktop.Internal.Core.IInternalCoreModule.ShowOptionsSheet"
                caption="Options" extendedCaption="Show the Options dialog; on the Project tab"
                largeImage="pack://application:,,,/ArcGIS.Desktop.Resources;component/Images/GenericOptions32.png"
                smallImage="pack://application:,,,/ArcGIS.Desktop.Resources;component/Images/GenericOptions16.png" keytip="T">
          <tooltip heading="">
            Show the Options dialog box.<disabledText></disabledText>
          </tooltip>
        </button>
        <button id="esri_core_showHelpButton" className="esri_core_module:ShowHelp" caption="Help" extendedCaption="Show the Help system; on the Project tab" keytip="H">
          <tooltip>
            Get Help for the application.<disabledText></disabledText>
          </tooltip>
        </button>
        <button id="esri_core_exitApplicationButton" className="esri_core_module:ExitApplication" caption="Exit" extendedCaption="Stop ArcGIS Pro; on the Project tab" smallImage="pack://application:,,,/ArcGIS.Desktop.Resources;component/Images/Close16.png" keytip="X">
          <tooltip heading="">
            Close the ArcGIS Pro application.<disabledText></disabledText>
          </tooltip>
        </button>
        <!--Home - Clipboard-->
        <button id="esri_core_editPasteButton" caption="Paste" extendedCaption="Paste the item on the clipboard"
                keytip="P" loadOnClick="false"
                className="ArcGIS.Desktop.Framework.PasteCMD" assembly="ArcGIS.Desktop.Framework.dll"
                largeImage="pack://application:,,,/ArcGIS.Desktop.Resources;component/Images/EditPaste32.png"
                smallImage="pack://application:,,,/ArcGIS.Desktop.Resources;component/Images/EditPaste16.png" >
          <tooltip heading="">
            Paste from clipboard.<disabledText></disabledText>
          </tooltip>
        </button>
        <button id="esri_core_editPasteSpecialButton" caption="Paste Special" extendedCaption="Paste the item on the clipboard using special settings" keytip="S" loadOnClick="false"
                className="ArcGIS.Desktop.Framework.PasteSpecialCMD" assembly="ArcGIS.Desktop.Framework.dll"
                largeImage="pack://application:,,,/ArcGIS.Desktop.Resources;component/Images/EditPaste32.png"
                smallImage="pack://application:,,,/ArcGIS.Desktop.Resources;component/Images/EditPaste16.png" >
          <tooltip heading="">
            Paste special from clipboard.<disabledText></disabledText>
          </tooltip>
        </button>
        <button id="esri_core_editCutButton" caption="Cut" extendedCaption="Cut the selected item and place the item on the clipboard" loadOnClick="false" keytip="X"
                className="ArcGIS.Desktop.Framework.CutCMD" assembly="ArcGIS.Desktop.Framework.dll"
                smallImage="pack://application:,,,/ArcGIS.Desktop.Resources;component/Images/EditCut16.png"
                largeImage="pack://application:,,,/ArcGIS.Desktop.Resources;component/Images/EditCut32.png">
          <tooltip heading="">
            Cut selection to the clipboard.<disabledText></disabledText>
          </tooltip>
        </button>
        <button id="esri_core_editCopyButton" caption="Copy" extendedCaption="Copy the highlighted item(s) to the clipboard"
                loadOnClick="false" keytip="CO"
                className="ArcGIS.Desktop.Framework.CopyCMD" assembly="ArcGIS.Desktop.Framework.dll"
                smallImage="pack://application:,,,/ArcGIS.Desktop.Resources;component/Images/EditCopy16.png"
                largeImage="pack://application:,,,/ArcGIS.Desktop.Resources;component/Images/EditCopy32.png">
          <tooltip heading="">
            Copy selection to the clipboard.<disabledText></disabledText>
          </tooltip>
        </button>
        <button id="esri_core_editCopyPaths" caption="Copy Path"
                extendedCaption="Copy the path of the selected items to the Clipboard."
                loadOnClick="false" keytip="CP"
                className="ArcGIS.Desktop.Framework.CopyPathCMD" assembly="ArcGIS.Desktop.Framework.dll"
                smallImage="pack://application:,,,/ArcGIS.Desktop.Resources;component/Images/CopyPath16.png"
                largeImage="pack://application:,,,/ArcGIS.Desktop.Resources;component/Images/CopyPath32.png">
          <tooltip heading="">
            Copy the path of the selected items to the Clipboard.
            <disabledText>
              Requires a selection in an active Catalog pane or view, or in the catalog view's Contents pane.
            </disabledText>
          </tooltip>
        </button>
        <button id="esri_core_Remove" className="RemoveProjectItemCmd" loadOnClick="false" keytip="RM"
                caption="Remove" extendedCaption="Remove the item from the project."
                smallImage="pack://application:,,,/ArcGIS.Desktop.Resources;component/Images/GenericDeleteBlack16.png">
          <tooltip heading="">
            Remove the selected items from the project. The references to the items are removed from the project. The selected items are not deleted.<disabledText></disabledText>
          </tooltip>
        </button>
        <button id="esri_core_editDeleteButton"
                caption="Delete" extendedCaption="Delete the selection; on map editing context menu"
                loadOnClick="false" keytip="D"
                className="ArcGIS.Desktop.Framework.DeleteCMD" assembly="ArcGIS.Desktop.Framework.dll"
                smallImage="pack://application:,,,/ArcGIS.Desktop.Resources;component/Images/GenericDeleteRed16.png"
                largeImage="pack://application:,,,/ArcGIS.Desktop.Resources;component/Images/GenericDeleteRed32.png">
          <tooltip heading="">
            Delete the selected items. For items that reference a file or folder on disk, the file or folder is deleted in the file system.<disabledText></disabledText>
          </tooltip>
        </button>
        <button id="esri_core_newFolderButton"
                caption="Folder" extendedCaption="Add new folder"
                loadOnClick="false" keytip="NF"
                className="CreateFolderCmd"
                smallImage="pack://application:,,,/ArcGIS.Desktop.Resources;component/Images/FolderNew16.png"
                largeImage="pack://application:,,,/ArcGIS.Desktop.Resources;component/Images/FolderNew32.png">
          <tooltip heading="">
            Create a new folder.
            <disabledText></disabledText>
          </tooltip>
        </button>

        <button id="esri_core_repairProjectItem"
                caption="Repair" extendedCaption="Repair the broken project item"
                loadOnClick="false" keytip="RI"
                className="RepairProjectItemCmd"
                smallImage="pack://application:,,,/ArcGIS.Desktop.Resources;component/Images/ProjectRepair16.png"
                largeImage="pack://application:,,,/ArcGIS.Desktop.Resources;component/Images/ProjectRepair32.png">
          <tooltip heading="">
            Repair the broken project item. 
            <disabledText>A project item can only be repaired when the project's reference to the item is broken, for example, when the file or folder associated with the project item cannot be located on the file system.</disabledText>
          </tooltip>
        </button>

        <!--Project related buttons-->
        <button id="esri_core_saveProjectButton" className="Project+ProjectSaveCmd" flipImageRTL="true" caption="Save" extendedCaption="Save changes to the current project; on Project tab" loadOnClick="false" condition="esri_mapping_openProjectCondition" largeImage="pack://application:,,,/ArcGIS.Desktop.Resources;component/Images/ArcGISProjectSave32.png" smallImage="pack://application:,,,/ArcGIS.Desktop.Resources;component/Images/ArcGISProjectSave16.png" keytip="S">
          <tooltip heading="">
            Save the project.<disabledText></disabledText>
          </tooltip>
        </button>
        <button id="esri_core_saveProjectAsButton" className="Project+ProjectSaveAsCmd" flipImageRTL="true" caption="Save As" extendedCaption="Save the current project to a new file; on Project tab" condition="esri_mapping_openProjectCondition" largeImage="pack://application:,,,/ArcGIS.Desktop.Resources;component/Images/ArcGISProjectSaveAs32.png" smallImage="pack://application:,,,/ArcGIS.Desktop.Resources;component/Images/ArcGISProjectSaveAs16.png" keytip="A">
          <tooltip heading="">
            Save a copy of the ArcGIS Project file to a new location or with a new name.<disabledText></disabledText>
          </tooltip>
        </button>
        <button id="esri_core_newProjectButton" className="esri_core_module:CreateNewProject" caption="New" extendedCaption="Create a new project; on quick access toolbar" smallImage="pack://application:,,,/ArcGIS.Desktop.Resources;component/Images/ArcGISProjectNew16.png">
          <tooltip heading="">
            Create a new project.<disabledText></disabledText>
          </tooltip>
        </button>
        <button id="esri_core_openProjectButton" className="esri_core_module:OpenProject" caption="Open" extendedCaption="Open an existing project; on quick access toolbar" largeImage="pack://application:,,,/ArcGIS.Desktop.Resources;component/Images/ArcGISProjectOpenState32.png" smallImage="pack://application:,,,/ArcGIS.Desktop.Resources;component/Images/ArcGISProjectOpenState16.png">
          <tooltip heading="">
            Open an existing project.<disabledText></disabledText>
          </tooltip>
        </button>

        <labelControl id="esri_emptyLabel1" caption=" " hasTwoLines="false" />

        <!--Undo / Redo controls-->
        <customControl id="esri_core_undoHistory" caption="Undo" extendedCaption="Show the history of previous operations that can be undone; on quick access toolbar" className="ArcGIS.Desktop.Framework.UndoRedo.UndoHistoryVM" assembly="ArcGIS.Desktop.Framework.dll" smallImage="pack://application:,,,/ArcGIS.Desktop.Resources;component/Images/EditUndo_B_16.png" loadOnClick="false">
          <content className="ArcGIS.Desktop.Framework.UndoRedo.UndoRedoControl" assembly="ArcGIS.Desktop.Framework.dll" />
          <tooltip heading="Undo">
            Undo the previous operation.<disabledText></disabledText>
          </tooltip>
        </customControl>
        <customControl id="esri_core_redoHistory" caption="Redo" extendedCaption="Show the history of previous operations that can be redone; on quick access toolbar" className="ArcGIS.Desktop.Framework.UndoRedo.RedoHistoryVM" assembly="ArcGIS.Desktop.Framework.dll" smallImage="pack://application:,,,/ArcGIS.Desktop.Resources;component/Images/EditRedo_B_16.png" loadOnClick="false">
          <content className="ArcGIS.Desktop.Framework.UndoRedo.UndoRedoControl" assembly="ArcGIS.Desktop.Framework.dll" />
          <tooltip heading="Redo">
            Redo the previous operation.<disabledText></disabledText>
          </tooltip>
        </customControl>
        <button id="esri_core_undoButton" caption="Undo" extendedCaption="Undo the previous operation; on quick access toolbar" className="ArcGIS.Desktop.Framework.UndoRedo.UndoCommand" assembly="ArcGIS.Desktop.Framework.dll" flipImageRTL="true" largeImage="pack://application:,,,/ArcGIS.Desktop.Resources;component/Images/EditUndo_B_32.png" smallImage="pack://application:,,,/ArcGIS.Desktop.Resources;component/Images/EditUndo_B_16.png" loadOnClick="false">
          <tooltip heading="">
            Undo the previous operation.<disabledText></disabledText>
          </tooltip>
        </button>
        <button id="esri_core_redoButton" caption="Redo" extendedCaption="Redo the previous operation; on quick access toolbar" className="ArcGIS.Desktop.Framework.UndoRedo.RedoCommand" assembly="ArcGIS.Desktop.Framework.dll" flipImageRTL="true" largeImage="pack://application:,,,/ArcGIS.Desktop.Resources;component/Images/EditRedo_B_32.png" smallImage="pack://application:,,,/ArcGIS.Desktop.Resources;component/Images/EditRedo_B_16.png" loadOnClick="false">
          <tooltip heading="">
            Redo the previous operation.<disabledText></disabledText>
          </tooltip>
        </button>

        <!--Dockpane control-->
        <dynamicMenu id="esri_dockPaneSetDynamicMenu" className="ArcGIS.Desktop.Framework.DockPaneSetChooser" assembly="ArcGIS.Desktop.Framework.dll" caption="Reset Panes" extendedCaption="Reset application panes to a predefined set; on View tab and quick access toolbar" largeImage="pack://application:,,,/ArcGIS.Desktop.Resources;component/Images/ResetPanes32.png" smallImage="pack://application:,,,/ArcGIS.Desktop.Resources;component/Images/ResetPanes16.png" keytip="RP">
          <tooltip heading="Reset Panes">
            Reset application panes to a predefined set.
            <disabledText></disabledText>
          </tooltip>
        </dynamicMenu>
           

        <!-- basic operations on project items -->
        <button id="esri_core_rename" caption="Rename" keytip="RN" extendedCaption="Rename the selected item; on context menu"
                className="RenameCmd"
                smallImage="pack://application:,,,/ArcGIS.Desktop.Resources;component/Images/GenericPencil16.png"
                largeImage="pack://application:,,,/ArcGIS.Desktop.Resources;component/Images/GenericPencil32.png"
                loadOnClick="false">
          <tooltip heading="Rename">
            Rename the selected item. For project items that reference a file or folder on disk, the file or folder is renamed in the file system.<disabledText></disabledText>
          </tooltip>
        </button>

        <!--ribbonToolbar controls-->
        <customControl id="esri_core_signOnControl" staysOpenOnClick="true" isDropDown="true" caption="Not Signed In" extendedCaption="Sign in or out of your organization; on ribbon" className="SignOnUserControlViewModel" smallImage="pack://application:,,,/ArcGIS.Desktop.Resources;component/Images/User16.png" loadOnClick="false" keytip="L">
          <content className="SignOnUserControlView"/>
          <tooltip heading="Sign-in Status">
            Sign in or out of ArcGIS Online or your ArcGIS organization.<disabledText></disabledText>
          </tooltip>
        </customControl>

        <customControl id="esri_core_notificationControl" isDropDown="false" className="ArcGIS.Desktop.Framework.NotificationControlViewModel"
            assembly="ArcGIS.Desktop.Framework.dll" smallImage="pack://application:,,,/ArcGIS.Desktop.Resources;component/Images/User16.png" loadOnClick="false" keytip="W">
          <content className="ArcGIS.Desktop.Framework.NotificationControlView" assembly="ArcGIS.Desktop.Framework.dll"/>
          <tooltip heading="Notifications">
            See messages regarding ArcGIS Pro, the project, or items in the project. Notifications are available when there is a blue dot.<disabledText></disabledText>
          </tooltip>
        </customControl>

        <customControl id="esri_core_CommandSearchControl" caption="CommandSearch" isDropDown="false" className="ArcGIS.Desktop.Framework.TellMeControlViewModel" helpContextID="120002723"
                  assembly="ArcGIS.Desktop.Framework.dll" smallImage="pack://application:,,,/ArcGIS.Desktop.Resources;component/Images/User16.png" loadOnClick="false" keytip="H">
        <content className="ArcGIS.Desktop.Framework.TellMeControlView" assembly="ArcGIS.Desktop.Framework.dll"/>
        <tooltip heading="Command Search">
          Search for and execute commands, tools, and help.<disabledText></disabledText>
        </tooltip>
      </customControl>
        <button id="esri_core_showContentsDockPane" className="esri_core_module:ShowContents" caption="Contents" extendedCaption="Show the Contents pane; on ribbon" flipImageRTL="true" keytip="CT" largeImage="pack://application:,,,/ArcGIS.Desktop.Resources;component/Images/ContentsWindowShow32.png" smallImage="pack://application:,,,/ArcGIS.Desktop.Resources;component/Images/ContentsWindowShow16.png">
          <tooltip heading="">
            Show the Contents pane.<disabledText></disabledText>
          </tooltip>
        </button>

        <!-- linked items -->
        <button id="esri_core_unlinkPortalItemButton" className="esri_core_module:UnlinkPortalItem" caption="Unlink" smallImage="pack://application:,,,/ArcGIS.Desktop.Resources;component/Images/GenericOverlayLinked16.png" loadOnClick="false">
          <tooltip heading="">
            Unlink portal item<disabledText></disabledText>
          </tooltip>
        </button>

        <button id="esri_core_syncPortalItemButton" className="esri_core_module:SyncPortalItem" caption="Update" extendedCaption="Delete the copy of the item in the project and re-add the original portal item; on map context menu" smallImage="pack://application:,,,/ArcGIS.Desktop.Resources;component/Images/GenericOnlineSync16.png" loadOnClick="false">
          <tooltip heading="Update Map or Scene">
            Update this map or scene with changes made to the source web map or web scene on the active portal.

The copy of the portal item in the project is deleted, and the current version of the original portal item is added to the project. For example, update the copy of the web map in your project so you have the latest changes to its symbology.<disabledText></disabledText>
          </tooltip>
        </button>

        <button id="esri_core_projectViewClearSort" className="CatalogSortButton"
                condition="esri_core_resourcesPane"
                smallImage="pack://application:,,,/ArcGIS.Desktop.Resources;component/Images/SortCustom16.png"
                largeImage="pack://application:,,,/ArcGIS.Desktop.Resources;component/Images/SortCustom32.png"
          caption="Default Sort" extendedCaption="Clear sorting" keytip="S" loadOnClick="false">
          <tooltip heading="Default Sort">
            Remove sorting that was applied to the contents list. Returns items in the list to their original order.
            <disabledText>Sorting can only be cleared from the contents list when using the columns display type.</disabledText>
          </tooltip>
        </button>

        <button id="esri_core_projectViewLayoutCheckBoxOpen" className="ArcGIS.Desktop.Internal.Core.ProjectViewChangeLayoutCheckBox" 
                condition="esri_core_resourcesPane"
                largeImage="pack://application:,,,/ArcGIS.Desktop.Resources;component/Images/HideDetailsPanel32"
                smallImage="pack://application:,,,/ArcGIS.Desktop.Resources;component/Images/HideDetailsPanel16"                
                caption="Details Panel" extendedCaption="Show the Details panel in the Catalog view, e.g. to see metadata or style items; on ribbon" keytip="SD" loadOnClick="false">
          <tooltip heading="">
            Show the Details panel in the Catalog view. This lets you preview an item's data, view its metadata, and manage style items within a style.<disabledText></disabledText>
          </tooltip>
        </button>

        <button id="esri_core_HideItemTooltips" className="ArcGIS.Desktop.Internal.Core.HideTooltips"
                largeImage="pack://application:,,,/ArcGIS.Desktop.Resources;component/Images/CatalogPopUpDisable32"
                smallImage="pack://application:,,,/ArcGIS.Desktop.Resources;component/Images/CatalogPopUpDisable16"
                caption="Hide Pop-ups" extendedCaption="Show pop-ups in the catalog pane." keytip="NP" loadOnClick="false">
          <tooltip heading="Hide Pop-ups">
            Do not show information such as an item's location in a pop-up when you mouse over it in the Catalog pane.
          </tooltip>
        </button>
        <button id="esri_core_ShowItemTooltips" className="ArcGIS.Desktop.Internal.Core.ShowItemTooltips"
                caption="Show Pop-ups" extendedCaption="Show simple pop-ups in the catalog pane." keytip="SP" loadOnClick="false"
                largeImage="pack://application:,,,/ArcGIS.Desktop.Resources;component/Images/CatalogPopUp32"
                smallImage="pack://application:,,,/ArcGIS.Desktop.Resources;component/Images/CatalogPopUp16">
          <tooltip heading="Show Pop-ups">
            Show information such as an item's location in a pop-up when you mouse over it in the Catalog pane.
          </tooltip>
        </button>
        <button id="esri_core_ShowDetailedItemTooltips" className="ArcGIS.Desktop.Internal.Core.ShowDetailedItemTooltips"
                caption="Show Detailed Pop-ups" extendedCaption="Show detailed pop-ups in the catalog pane." keytip="AP" loadOnClick="false"
                largeImage="pack://application:,,,/ArcGIS.Desktop.Resources;component/Images/CatalogPopUpDetailed32"
                smallImage="pack://application:,,,/ArcGIS.Desktop.Resources;component/Images/CatalogPopUpDetailed16">
          <tooltip heading="Show Detailed Pop-ups">
Show information such as an item's thumbnail and tags as well as its location in a pop-up when you mouse over the item in the Catalog pane. This option can help you find an item when you are not familiar with the contents of a portal, disk, database, or server. However, it can reduce overall performance when browsing enterprise geodatabases and ArcGIS Server services, and when accessing items with a slow internet or network connection.
          </tooltip>
        </button>

        <button id="esri_core_previewZoomToSelectionButton" condition="esri_core_previewZoomToSelectionButton"
                className="CorePreviewItemZoomToSelection"
                caption="Zoom To Selection" extendedCaption="Zoom to selected features" keytip="ZS" loadOnClick="false"
                smallImage="pack://application:,,,/ArcGIS.Desktop.Resources;component/Images/SelectionZoomToSelected16.png">
          <tooltip heading="">
            Zoom to the selected features of all layers.<disabledText></disabledText>
          </tooltip>
        </button>
        <button id="esri_core_previewZoomFullButton" caption="Zoom Full Extent" keytip="FE" className="CorePreviewItemZoomToFull" smallImage="pack://application:,,,/ArcGIS.Desktop.Resources;component/Images/ZoomFullExtent16.png" loadOnClick="false">
          <tooltip heading="Full Extent">
            Zoom to the full extent of the data in the view.<disabledText></disabledText>
          </tooltip>
        </button>
        <button id="esri_core_previewFixedZoomInButton" caption="Fixed Zoom In" extendedCaption="Fixed zoom in" keytip="ZI" className="CorePreviewItemFixedZoomIn" smallImage="pack://application:,,,/ArcGIS.Desktop.Resources;component/Images/ZoomFixedZoomIn_B_16.png" loadOnClick="false">
          <tooltip heading="Fixed Zoom In">
            Zoom in a fixed distance.<disabledText></disabledText>
          </tooltip>
        </button>
        <button id="esri_core_previewFixedZoomOutButton" caption="Fixed Zoom Out" extendedCaption="Fixed zoom out" keytip="ZO" className="CorePreviewItemFixedZoomOut" smallImage="pack://application:,,,/ArcGIS.Desktop.Resources;component/Images/ZoomFixedZoomOut_B_16.png" loadOnClick="false">
          <tooltip heading="Fixed Zoom Out">
            Zoom out a fixed distance.<disabledText></disabledText>
          </tooltip>
        </button>
        <button id="esri_core_previewPrevExtentButton" caption="Previous Extent" extendedCaption="Previous extent" keytip="PE" flipImageRTL="true" className="CorePreviewItemPrevExtent" smallImage="pack://application:,,,/ArcGIS.Desktop.Resources;component/Images/GenericBlueLeftArrowLongTail16.png" loadOnClick="false">
          <tooltip heading="Previous Extent">
            Go to the previous extent.<disabledText></disabledText>
          </tooltip>
        </button>
        <button id="esri_core_previewNextExtentButton" caption="Next Extent" extendedCaption="Next extent" keytip="NE" flipImageRTL="true" className="CorePreviewItemNextExtent" smallImage="pack://application:,,,/ArcGIS.Desktop.Resources;component/Images/GenericBlueRightArrowLongTail16.png" loadOnClick="false">
          <tooltip heading="Next Extent">
            Go to the next extent.<disabledText></disabledText>
          </tooltip>
        </button>
        <checkBox id="esri_core_previewShowBasemap" condition="esri_core_previewShowBasemapCondition"
                  caption="Show Basemap" extendedCaption="" className="CorePreviewItemShowBasemapCheckBox" loadOnClick="false">
          <tooltip heading="">
            Toggles visibility of the basemap in preview.<disabledText></disabledText>
          </tooltip>
        </checkBox>
        <button id="esri_core_previewCaptureThumbnail" caption="Create Thumbnail" className="CorePreviewItemCaptureThumbnail"
                condition="esri_core_previewCaptureThumbnail_condition"
                largeImage="pack://application:,,,/ArcGIS.Desktop.Resources;component/Images/ItemThumbnailCreate32.png"
                smallImage="pack://application:,,,/ArcGIS.Desktop.Resources;component/Images/ItemThumbnailCreate16.png" >
          <tooltip heading="">
            Captures thumbnail from the preview area and updates metadata.<disabledText></disabledText>
          </tooltip>
        </button>

        <button id="esri_core_refresh" caption="Refresh" keytip="RF" className="RefreshCmd" loadOnClick="false" 
                extendedCaption="Refresh the selected item" helpContextID="120002719"
                largeImage="pack://application:,,,/ArcGIS.Desktop.Resources;component/Images/GenericRefresh32.png"
                smallImage="pack://application:,,,/ArcGIS.Desktop.Resources;component/Images/GenericRefresh16.png">
          <tooltip heading="Refresh">Update the contents of a location or selected item.
            <disabledText></disabledText>
          </tooltip>
        </button>

        <button id="esri_core_openButton" caption="Open" keytip="O" className="OpenCmd" loadOnClick="false"
                extendedCaption="Browse into the selected item"
                largeImage="pack://application:,,,/ArcGIS.Desktop.Resources;component/Images/launch32.png"
                smallImage="pack://application:,,,/ArcGIS.Desktop.Resources;component/Images/launch16.png">
          <tooltip heading="Open">Open the item in its view or pane, or browse into the item to see its contents.
            <disabledText></disabledText>
          </tooltip>
        </button>

        <button id="esri_core_addToProject" caption="Add To Project" keytip="AP" className="AddToProjectCmd" loadOnClick="false"
                largeImage="pack://application:,,,/ArcGIS.Desktop.Resources;component/Images/GenericAddGreen32.png"
                smallImage="pack://application:,,,/ArcGIS.Desktop.Resources;component/Images/GenericAddGreen16.png">
          <tooltip heading="">Add an existing item to the project. The project saves a reference to the file or folder stored on the file system.
            <disabledText></disabledText>
          </tooltip>
        </button>

        <button id="esri_addFavoriteButton" className="AddToFavoritesCmd" loadOnClick="false"
                caption="Add To Favorites" keytip="FA" 
                extendedCaption="Add an item to project favorites; on context menu for folders, databases, and servers that have been added to the project"
                condition="esri_projectItem_isValidAndOpenProjectCondition"
                smallImage="pack://application:,,,/ArcGIS.Desktop.Resources;component/Images/FavoriteStar16.png" helpContextID="">
          <tooltip heading="">
            Add the item to project favorites. Project favorites saves a reference to the existing item. If the item is not in a location that is accessible from other machines, it won't be available when using a different computer.<disabledText></disabledText>
          </tooltip>
        </button>

        <button id="esri_addProjectItemToNewProjectsButton" className="AddItemToNewProjectsCmd" loadOnClick="false"
                caption="Add To New Projects" keytip="FP" extendedCaption="Add to new projects"
                condition="esri_projectItem_isValidAndOpenProjectCondition"
                smallImage="pack://application:,,,/ArcGIS.Desktop.Resources;component/Images/FavoriteStar16.png" helpContextID="">
          <tooltip heading="">
            Add the item to project favorites and to all new projects. Project favorites saves a reference to the existing item. When a new project is create, a reference to the item is automatically added.<disabledText></disabledText>
          </tooltip>
        </button>

        <button id="esri_core_sortClear" caption="Clear" className="SortClearCmd"
                largeImage="pack://application:,,,/ArcGIS.Desktop.Resources;component/Images/SortCustom32.png"
                smallImage="pack://application:,,,/ArcGIS.Desktop.Resources;component/Images/SortCustom16.png">
          <tooltip heading="">
            <disabledText></disabledText>
          </tooltip>
        </button>

        <button id="esri_core_sortType" caption="Type" keytip="T" className="SortTypeCmd"
                largeImage="pack://application:,,,/ArcGIS.Desktop.Resources;component/Images/SortCustom32.png"
                smallImage="pack://application:,,,/ArcGIS.Desktop.Resources;component/Images/SortCustom16.png">
          <tooltip heading="">Sort the contents list alphabetically by type. Items are initially sorted in ascending order. When sorted by type a second time, items are arranged in descending order.
            <disabledText></disabledText>
          </tooltip>
        </button>

        <button id="esri_core_sortDate" caption="Date" keytip="D" className="SortDateCmd"
                largeImage="pack://application:,,,/ArcGIS.Desktop.Resources;component/Images/SortCustom32.png"
                smallImage="pack://application:,,,/ArcGIS.Desktop.Resources;component/Images/SortCustom16.png">
          <tooltip heading="">Sort the contents list by date. Items are initially sorted in from newest to oldest. When sorted by date a second time, items are arranged from oldest to newest.
            <disabledText></disabledText>
          </tooltip>
        </button>

        <button id="esri_core_sortName" caption="Name" keytip="N" className="SortNameCmd"
                largeImage="pack://application:,,,/ArcGIS.Desktop.Resources;component/Images/SortCustom32.png"
                smallImage="pack://application:,,,/ArcGIS.Desktop.Resources;component/Images/SortCustom16.png">
          <tooltip heading="">Sort the contents list alphabetically by name. Items are initially sorted in ascending order. When sorted by name a second time, items are arranged in descending order.
            <disabledText></disabledText>
          </tooltip>
        </button>

        <button id="esri_core_sortPath" caption="Path" keytip="P" className="SortPathCmd"
        largeImage="pack://application:,,,/ArcGIS.Desktop.Resources;component/Images/SortCustom32.png"
        smallImage="pack://application:,,,/ArcGIS.Desktop.Resources;component/Images/SortCustom16.png">
          <tooltip heading="">
            Sort the contents list alphabetically by path. Items are initially sorted in ascending order. When sorted by name a second time, items are arranged in descending order.
            <disabledText></disabledText>
          </tooltip>
        </button>

        <button id="esri_core_sortSize" caption="Size" keytip="S" className="SortSizeCmd"
        largeImage="pack://application:,,,/ArcGIS.Desktop.Resources;component/Images/SortCustom32.png"
        smallImage="pack://application:,,,/ArcGIS.Desktop.Resources;component/Images/SortCustom16.png">
          <tooltip heading="">
            Sort the contents list alphabetically by size. Items are initially sorted in ascending order. When sorted by name a second time, items are arranged in descending order.
            <disabledText></disabledText>
          </tooltip>
        </button>

        <button id="esri_core_sortCategory" caption="Category" keytip="C" className="SortCategoryCmd"
                largeImage="pack://application:,,,/ArcGIS.Desktop.Resources;component/Images/SortCustom32.png"
                smallImage="pack://application:,,,/ArcGIS.Desktop.Resources;component/Images/SortCustom16.png">
          <tooltip heading="">Sort the contents list alphabetically by category. Items are initially sorted in ascending order. When sorted by category a second time, items are arranged in descending order.
            <disabledText></disabledText>
          </tooltip>
        </button>
        
        <button id="esri_core_sortKey" caption="Key" keytip="K" className="SortKeyCmd"
                largeImage="pack://application:,,,/ArcGIS.Desktop.Resources;component/Images/SortCustom32.png"
                smallImage="pack://application:,,,/ArcGIS.Desktop.Resources;component/Images/SortCustom16.png">
          <tooltip heading="">Sort the contents list using the internal key for style items. Items are initially sorted in ascending order. When sorted by key a second time, items are arranged in descending order.
            <disabledText></disabledText>
          </tooltip>
        </button>

        <button id="esri_core_deviceLocation_openBackstageOptionsButton"
                className="ArcGIS.Desktop.Internal.Core.DeviceLocation.LocationDeviceOptionsButton"
                caption="Device Location Options" extendedCaption="Open location device options">
          <tooltip heading="Device Location Options">
            Set device location options.<disabledText></disabledText>
          </tooltip>
        </button>

        <dynamicMenu id="esri_core_sortColumns" className="SortDynamicMenu" caption="Sort" keytip="SO" loadOnClick="false"
                     largeImage="pack://application:,,,/ArcGIS.Desktop.Resources;component/Images/SortCustom32.png"
                     smallImage="pack://application:,,,/ArcGIS.Desktop.Resources;component/Images/SortCustom16.png">
          <tooltip heading="Sort">Sort the contents list using item properties.
            <disabledText></disabledText>
          </tooltip>
        </dynamicMenu>

        <dynamicMenu id="esri_core_addItemsDynamicMenu" className="AddItemsDynamicMenu" 
                     caption="Add" keytip="AI" 
                     loadOnClick="false" 
                     largeImage="pack://application:,,,/ArcGIS.Desktop.Resources;component/Images/GenericAddGreen32.png"
                     smallImage="pack://application:,,,/ArcGIS.Desktop.Resources;component/Images/GenericAddGreen16.png">
          <tooltip heading="Add">Add an existing item to the project.
            <disabledText></disabledText>
          </tooltip>
        </dynamicMenu>

        <dynamicMenu id="esri_core_newItemsDynamicMenu" className="NewItemsDynamicMenu" 
                     caption="New" keytip="NI" 
                     loadOnClick="false" 
                     largeImage="pack://application:,,,/ArcGIS.Desktop.Resources;component/Images/GenericNewSparkleLarge32.png"
                     smallImage="pack://application:,,,/ArcGIS.Desktop.Resources;component/Images/GenericNewSparkleLarge16.png">
          <tooltip heading="New">Create a new project item.
            <disabledText></disabledText>
          </tooltip>
         
        </dynamicMenu>

        <dynamicMenu id="esri_core_importItemsDynamicMenu" keytip="II" className="ImportItemsDynamicMenu" 
                     caption="Import" 
                     loadOnClick="false" autoDisableWhenPopupContentIsDisabled="false"
                     largeImage="pack://application:,,,/ArcGIS.Desktop.Resources;component/Images/GenericImport32.png"
                     smallImage="pack://application:,,,/ArcGIS.Desktop.Resources;component/Images/GenericImport16.png">
          <tooltip heading="Import">Import an item into the project. The original item's content will be converted to the ArcGIS Pro format.
            <disabledText></disabledText>
          </tooltip>
        </dynamicMenu>

        <button id="esri_core_groupContext" className="esri_core_module:GroupAsync" caption="Group" extendedCaption="Group selected items based on context."/>
        <button id="esri_core_ungroupContext" className="esri_core_module:UngroupAsync" caption="Ungroup" extendedCaption="Ungroup selected items based on context."/>
        <button id="esri_core_exportContext" className="esri_core_module:Export" caption="Export" extendedCaption="Export based on context."/>
        <button id="esri_core_printContext" className="esri_core_module:Print" caption="Print" extendedCaption="Print based on context."/>
      </controls>

      <galleries>
      </galleries>
      
      <subgroups>
        <!--<subgroup id="esri_core_options" size="AlwaysMedium">
          <checkBox refID="esri_core_projectViewLayoutCheckBoxOpen" size="middle" />
          <menu refID="esri_core_projectViewDisplayType" size="large" />
        </subgroup>-->

        <subgroup id="esri_core_editBtns" size="MediumThenSmallWhenSmall">
          <button refID="esri_core_editCutButton"/>
          <button refID="esri_core_editCopyButton"/>
          <button refID="esri_core_editCopyPaths"/>
        </subgroup>

        <subgroup id="esri_core_organizeItems1" size="MediumThenSmallWhenSmall">
          <button refID="esri_core_Remove"/>
          <button refID="esri_core_rename" />
          <button refID="esri_core_refresh"/>
        </subgroup>

        <subgroup id="esri_core_organizeItems2" size="MediumThenSmallWhenSmall">
          <button refID="esri_core_editDeleteButton"/>
          <button refID="esri_core_repairProjectItem" />
          <menu refID="esri_core_sortColumns"/>
        </subgroup>

        <subgroup id="esri_core_organizeItems3"
                  size="MediumThenSmallWhenSmall"
                  verticalAlignment="Top">
          <button refID="esri_core_addToProject" separator="true"/>
          <button refID="esri_addFavoriteButton" />
          <button refID="esri_addProjectItemToNewProjectsButton" />
        </subgroup>

        <subgroup id="esri_core_newItems" size="MediumThenSmallWhenSmall">
          <button refID="esri_core_newFolderButton" />
          <button refID="esri_GDBCreateNewFileGeodatabaseButton"/>
          <button refID="esri_geodatabase_databaseConnectionButton"/>
        </subgroup>
      </subgroups>

      <menus>
        <menu id="esri_BrowseDialog_SingleItem" caption="Browse Dialog Single Rename Item">
          <button refID="esri_core_rename"/>
          <button refID="esri_core_editCopyPaths"/>
        </menu>

        <menu id="esri_BrowseDialog_FolderGeneral" caption="Folder General Item" extendedCaption="Context menu for folders within a folder connection">
          <!--<menu refID="FolderConnectionProjectNewItemMenu2" separator="true" />-->
          <button refID="esri_core_newFolderButton"/>
          <button refID="esri_GDBCreateNewFileGeodatabaseButton" />
          <button refID="esri_GDBCreateNewMobileGeodatabaseButton" />
          <button refID="esri_itemInfoRefreshButton" />
        </menu>

        <menu id="esri_projectDefaultContextMenu" caption="-">
          <button refID="esri_mapping_newMapButton" />
          <button refID="esri_mapping_newSceneButton" />
          <button refID="esri_mapping_newLocalSceneButton"/>
          <button refID="esri_mapping_newStereoMapButton" />
          <button refID="esri_mapping_newBasemapButton" />

          <button refID="esri_folderConnectionAddButton" separator="true"/>
          <button refID="esri_geodatabase_existingGeoDatabaseButton" />
          <button refID="esri_geodatabase_databaseConnectionButton" />
          <button refID="esri_projectItemAddAGSConnection" />

          <button refID="esri_projectItemAddExistingACSConnection" />
          <button refID="esri_projectItemAddNewACSConnection" />
          <button refID="esri_projectItemAddNewBIMConnection" separator="true"/>
          <!--<button refID="esri_core_editCopyButton" separator="true"/>
          <button refID="esri_core_editPasteButton"/>-->
          <!-- TODO: cut will come later
          <button refID="esri_core_editCutButton"/>-->
        </menu>

        <menu id="esri_projectDefaultContextMenu_withKnowledgeGraph" caption="-">
          <button refID="esri_mapping_newMapButton" />
          <button refID="esri_mapping_newSceneButton" />
          <button refID="esri_mapping_newLocalSceneButton"/>
          <button refID="esri_mapping_newStereoMapButton" />
          <button refID="esri_mapping_newBasemapButton" />

          <button refID="esri_folderConnectionAddButton" separator="true"/>
          <button refID="esri_geodatabase_existingGeoDatabaseButton" />
          <button refID="esri_geodatabase_databaseConnectionButton" />
          <button refID="esri_projectItemAddAGSConnection" />

          <button refID="esri_projectItemAddExistingACSConnection" />
          <button refID="esri_projectItemAddNewACSConnection"/>
          <button refID="esri_projectItemAddNewBIMConnection"/>

          <!--<button refID="esri_core_editCopyButton" separator="true"/>
          <button refID="esri_core_editPasteButton"/>-->
          <!-- TODO: cut will come later
          <button refID="esri_core_editCutButton"/>-->
        </menu>

        <menu id="esri_favoritesItemDefaultContextMenu" caption="-">
          <button refID="esri_favoriteItemAddToProjectButton"/>
          <dynamicMenu refID="esri_favoritesItemPersistDynamicMenu" inline="true"/>
          <button refID="esri_core_rename" separator="true"/>
          <button refID="esri_removeFavoriteButton"/>
          <dynamicMenu refID="esri_favoritesGeodatabasePropertyMenu" inline="true"/>
        </menu>
      </menus>

      <splitButtons>
        <splitButton id="esri_core_undoSplitButton">
          <button refID="esri_core_undoButton" />
          <customControl refID="esri_core_undoHistory" />
        </splitButton>
        <splitButton id="esri_core_redoSplitButton">
          <button refID="esri_core_redoButton" />
          <customControl refID="esri_core_redoHistory" />
        </splitButton>
        <splitButton id="esri_core_editPasteSplitButton" keytip="V" >
          <button refID="esri_core_editPasteButton"/>
          <button refID="esri_core_editPasteSpecialButton"/>
        </splitButton>

      </splitButtons>
      
    </insertModule>    
  </modules>
  
  <options>
    <insertStartPane refID="esri_core_startPage" />
  </options>  
  
  
  <propertySheets>
    <insertSheet id="esri_core_optionsPropertySheet" caption="Options" resizable="true" pageHeight="565" pageWidth="792" hasGroups="true">
      <page id="esri_core_ProjectOptionsPropertyPage" caption="Current Settings" className="ProjectOptionsViewModel" group="Project">
        <content className="ProjectOptionsView" />
      </page>
      <page id="esri_core_ApplicationOptionsPropertyPage" caption="General" className="ApplicationOptionsViewModel" group="Application">
        <content className="ApplicationOptionsView" />
      </page>
<!--      <page id="esri_core_ApplicationNotificationsPropertyPage" caption="Notifications" assembly="ArcGIS.Desktop.Framework.dll"
            className="ArcGIS.Desktop.Framework.ApplicationNotificationsViewModel" group="Application" insert="after" placeWith="esri_core_ApplicationOptionsPropertyPage">
        <content assembly="ArcGIS.Desktop.Framework.dll" className="ArcGIS.Desktop.Framework.ApplicationNotificationsView"/>
      </page> -->

      <page id="esri_core_Proofing" caption="Proofing" className="ArcGIS.Desktop.Framework.DictionaryViewModel"
            assembly="ArcGIS.Desktop.Framework.dll" group="Application" insert="after">
        <content className="ArcGIS.Desktop.Framework.DictionaryControl" assembly="ArcGIS.Desktop.Framework.dll"/>
      </page>
      
      <page id="esri_core_LanguagePropertyPage" caption="Language" className="ArcGIS.Desktop.Internal.Core.Language.LanguageVM" group="Application"
            insert="after">
        <content className="ArcGIS.Desktop.Internal.Core.Language.Language"/>
      </page>
      <page id="esri_core_userInterfacePropertyPage" caption="User Interface" className="UserInterfaceViewModel" group="Application"
                  insert="after" placeWith="esri_core_LanguagePropertyPage">
        <content className="UserInterfaceView"/>
      </page>
      <page id="esri_mapping_customizePropertyPage" caption="Customize the Ribbon" className="ArcGIS.Desktop.Framework.CustomizeViewModel" 
            assembly="ArcGIS.Desktop.Framework.dll" group="Application" insert="after" condition="esri_core_noCustomize"/>
      <page id="esri_mapping_customizeQATPropertyPage" caption="Quick Access Toolbar" className="ArcGIS.Desktop.Framework.CustomizeQATViewModel" 
            assembly="ArcGIS.Desktop.Framework.dll" group="Application" insert="after" condition="esri_core_noCustomize"/>
      <page id="esri_sharing_SharingPropertyPage" caption="Share and Download" className="LocationOptionsViewModel" group="Application"
                  insert="before" placeWith="esri_metadata_MetadataOptionsPropertyPage">
        <content className="LocationOptionsView"/>
      </page>
      <page id="esri_core_locationSourcesPage" caption="Device Location" className="ArcGIS.Desktop.Internal.Core.DeviceLocation.LocationSourcesViewModel" group="Application"
                  insert="after" placeWith="esri_core_ApplicationOptionsPropertyPage" >
        <content className="ArcGIS.Desktop.Internal.Core.DeviceLocation.LocationSourcesView" />
      </page>
    </insertSheet>
  </propertySheets>

  <conditions>
    <insertCondition id="esri_core_search" caption="Search tab">
      <state id="esri_search_State" />
    </insertCondition>

    <insertCondition id="esri_browsePlaces_Online_Condition" caption="Browse Places Online">
      <state id="esri_browsePlaces_Online_State" />
    </insertCondition>
    
    <insertCondition id="esri_core_noPanesCondition" caption="No panes active">
      <state id="NoPanes" />
    </insertCondition>

    <insertCondition id="esri_core_projectItem_resourcesOnlyPane" caption="">
      <and>
        <state id="esri_core_resourcesPane" />
      </and>
      <not>
        <state id="esri_metadata_metadataPane" />
      </not>
    </insertCondition>
    <insertCondition id="esri_show_analysisTab">
      <or>
        <state id="esri_core_resourcesPane" />
        <state id="esri_metadata_metadataPane" />
        <state id="esri_mapping_mapPane"/>
        <state id="esri_editing_tablePane"/>
        <state id="esri_mapping_fieldsPane" />
        <state id="esri_mapping_domainsPane" />
        <state id="esri_mapping_subtypesPane" />
        <state id="esri_mapping_versionsPane" />
        <state id="esri_mapping_attributeRulesPane" />
        <state id="esri_mapping_contingentValuesPane" />
        <state id="esri_editing_versionConflictsPane" />
        <state id="esri_knowledgeGraph_knowledgeGraphView"/>
        <state id="esri_layouts_layoutPane" />
        <state id="esri_reports_reportPane" />
        <state id="esri_geoprocessing_modelBuilderPane"/>
        <state id="esri_geoprocessing_MBReportPane"/>
        <state id="esri_geoprocessing_proNotebookPane"/>
        <state id="esri_geoprocessing_dataEngineeringPaneView"/>
        <state id="esri_knowledgeGraph_knowledgeGraphView"/>
        <state id="esri_aviation_extractionQueriesPane"/>
        <state id="esri_workflow_jobView"/>
        <state id="esri_workflow_workflowPane"/>
        <state id="esri_workflow_client_openAppPane"/>
        <state id="esri_dataReviewer_reviewerRulesPane"/>
        <state id="NoPanes"/>
      </or>
    </insertCondition>
    <insertCondition id="esri_core_projectItem_resourcesPane">
      <or>
        <state id="esri_core_resourcesPane" />
        <state id="esri_metadata_metadataPane" />
      </or>
    </insertCondition>
    <insertCondition id="esri_core_showViewTab" >
      <or>
        <state id="esri_core_resourcesPane" />
        <state id="esri_metadata_metadataPane" />
        <state id="esri_mapping_mapPane"/>
        <state id="esri_editing_tablePane"/>
        <state id="esri_mapping_fieldsPane" />
        <state id="esri_mapping_domainsPane" />
        <state id="esri_mapping_subtypesPane" />
        <state id="esri_mapping_versionsPane" />
        <state id="esri_mapping_attributeRulesPane" />
        <state id="esri_mapping_contingentValuesPane" />
        <state id="esri_editing_versionConflictsPane" />
        <state id="esri_knowledgeGraph_knowledgeGraphView"/>
        <state id="esri_layouts_layoutPane" />
        <state id="esri_reports_reportPane" />
        <state id="esri_geoprocessing_modelBuilderPane"/>
        <state id="esri_geoprocessing_MBReportPane"/>
        <state id="esri_geoprocessing_proNotebookPane"/>
        <state id="esri_geoprocessing_dataEngineeringPaneView"/>
        <state id="esri_workflow_jobView"/>
        <state id="esri_workflow_workflowPane"/>
        <state id="esri_workflow_client_openAppPane"/>
        <state id="esri_aviation_extractionQueriesPane"/>
        <state id="esri_dataReviewer_reviewerRulesPane"/>
        <state id="NoPanes" />
      </or>
    </insertCondition>
    <insertCondition id="esri_core_showInsertTab" caption="">
      <or>
        <and>
          <not>
            <state id="esri_mapping_stereoMapState" />
          </not>
          <not>
            <state id="esri_mapping_mapTypeNetworkDiagramState" />
          </not>
          <or>
            <state id="esri_mapping_mapPane"/>
            <state id="esri_editing_tablePane"/>
            <state id="NoPanes" />
          </or>
        </and>
        <state id="esri_core_resourcesPane" />
        <state id="esri_metadata_metadataPane" />
        <state id="esri_knowledgeGraph_knowledgeGraphView"/>
        <state id="esri_layouts_layoutPane"/>
        <state id="esri_reports_reportPane"/>
        <state id="esri_geoprocessing_modelBuilderPane"/>
        <state id="esri_geoprocessing_MBReportPane"/>
        <state id="esri_geoprocessing_proNotebookPane"/>
        <state id="esri_geoprocessing_dataEngineeringPaneView"/>
        <state id="esri_workflow_jobView"/>
        <state id="esri_workflow_workflowPane"/>
        <state id="esri_workflow_client_openAppPane"/>
        <state id="esri_dataReviewer_reviewerRulesPane"/>
        <state id="esri_knowledgeGraph_knowledgeGraphView"/>
      </or>
    </insertCondition>
    <insertCondition id="esri_core_search_orgOnlyCondition" caption="">
      <and>        
        <state id="esri_core_search_orgOnly" />
      </and>
    </insertCondition>
    <insertCondition id="esri_core_noCustomize">
      <not>
        <state id="esri_core_blockCustomizeDialog" />
      </not>
    </insertCondition>
    
    <!--Preview Item-->
    <insertCondition id="esri_core_previewActiveCondition">
      <and>
        <state id="esri_core_resourcesPane"/>
        <state id="esri_core_projectViewHasSelectedItems"/>
        <state id="esri_core_previewSelectedState"/>
      </and>
    </insertCondition>
    
    <insertCondition id="esri_core_previewShowBasemapCondition">
      <and>
        <state id="esri_core_previewCanEditBasemapState"/>
      </and>
    </insertCondition>
  </conditions>

  <backstage>
    
    <insertTab id="esri_core_newProjectBackStageTab" caption="New" extendedCaption="New project page; on Project tab" className="ProjectNewBackStageViewModel" keytip="N">
      <content className="ProjectNewBackStage" />
    </insertTab>
    
    <insertTab id="esri_core_openProjectBackStageTab" caption="Open" extendedCaption="Open project page; on Project tab" className="ProjectOpenBackStageViewModel" keytip="O">
      <content className="ProjectOpenBackStage" />
    </insertTab>
    
    <insertButton refID="esri_core_saveProjectButton" />
    <insertButton refID="esri_core_saveProjectAsButton" />


   
    <!--      
      TODO: remove this view and view model!!!!      
    <insertTab id="esri_core_recentProjectBackStageTab" caption="Recent" className="RecentProjectsViewModel">    
      <content className="RecentProjectsView" />
    </insertTab>    
    -->
    <insertTab id="esri_core_PortalTab" caption="Portals" extendedCaption="Portals page; on Project tab" className="PortalBackstageViewModel" separator="true" keytip="P">
      <content className="PortalBackstage" />
    </insertTab>
    
    <insertTab id="esri_core_LicensingTab" caption="Licensing" extendedCaption="Licensing page; on Project tab" className="LicensingBackstageViewModel" separator="false" keytip="L">
      <content className="ArcGIS.Desktop.Internal.Core.LicensingBackstage" />
    </insertTab>
    
    <!-- TODO: make the options a TAB -->
    <insertButton refID="esri_core_showOptionsSheetButton" />

    <insertTab id="esri_core_CondaTab" caption="Python" extendedCaption="Conda Package and Environment Manager" className="ArcGIS.Desktop.Internal.Core.Conda.Backstage.Tab" separator="false" keytip="Y">
      <content className="ArcGIS.Desktop.Internal.Core.Conda.Backstage.Panel"/>
    </insertTab>

    <insertTab id="esri_core_AddInsTab" caption="Add-In Manager" extendedCaption="Add-In Manager page; on Project tab" className="ArcGIS.Desktop.Framework.AddIns.AddInManagerDlgViewModel" assembly="ArcGIS.Desktop.Framework.dll" keytip="D">
      <content className="ArcGIS.Desktop.Framework.AddIns.AddInManagerDlg" assembly="ArcGIS.Desktop.Framework.dll"/>
    </insertTab>

    <insertButton refID="esri_core_showHelpButton" separator="true" />

    <insertTab id="esri_core_aboutTab" caption="About" extendedCaption="About page; on Project tab" className="ArcGIS.Desktop.Framework.AboutViewModel" assembly="ArcGIS.Desktop.Framework.dll" keytip="B">
      <content className="ArcGIS.Desktop.Framework.AboutView" assembly="ArcGIS.Desktop.Framework.dll"/>
    </insertTab>
    
    <insertButton refID="esri_core_exitApplicationButton" separator="true"/>
  </backstage>

  <quickAccessToolbar>
    <control refID="esri_core_newProjectButton" size="small"/>
    <control refID="esri_core_openProjectButton" size="small"/>
    <control refID="esri_core_saveProjectButton" size="small"/>
    <control refID="esri_core_undoSplitButton" size="small"/>
    <control refID="esri_core_redoSplitButton" size="small"/>
    <!--<control refID="esri_core_notificationButton" size="small"/>-->
  </quickAccessToolbar>
</ArcGIS>
